<?xml version="1.0" encoding="UTF-8"?>
<package packagerversion="1.9.0RC4" version="2.0" xmlns="http://pear.php.net/dtd/package-2.0" xmlns:tasks="http://pear.php.net/dtd/tasks-1.0" xmlns:xsi="http://www.w3.org/2001/XMLSchema-instance" xsi:schemaLocation="http://pear.php.net/dtd/tasks-1.0 http://pear.php.net/dtd/tasks-1.0.xsd http://pear.php.net/dtd/package-2.0 http://pear.php.net/dtd/package-2.0.xsd">
 <name>PEAR</name>
 <channel>pear.php.net</channel>
 <summary>PEAR Base System</summary>
 <description>The PEAR package contains:
 * the PEAR installer, for creating, distributing
   and installing packages
 * the PEAR_Exception PHP5 error handling mechanism
 * the PEAR_ErrorStack advanced error handling mechanism
 * the PEAR_Error error handling mechanism
 * the OS_Guess class for retrieving info about the OS
   where PHP is running on
 * the System class for quick handling of common operations
   with files and directories
 * the PEAR base class
  Features in a nutshell:
  * full support for channels
  * pre-download dependency validation
  * new package.xml 2.0 format allows tremendous flexibility while maintaining BC
  * support for optional dependency groups and limited support for sub-packaging
  * robust dependency support
  * full dependency validation on uninstall
  * remote install for hosts with only ftp access - no more problems with
    restricted host installation
  * full support for mirroring
  * support for bundling several packages into a single tarball
  * support for static dependencies on a url-based package
  * support for custom file roles and installation tasks</description>
 <lead>
  <name>Greg Beaver</name>
  <user>cellog</user>
  <email>cellog@php.net</email>
  <active>no</active>
 </lead>
 <lead>
  <name>Pierre-Alain Joye</name>
  <user>pajoye</user>
  <email>pierre@php.net</email>
  <active>no</active>
 </lead>
 <lead>
  <name>Stig Bakken</name>
  <user>ssb</user>
  <email>stig@php.net</email>
  <active>no</active>
 </lead>
 <lead>
  <name>Tomas V.V.Cox</name>
  <user>cox</user>
  <email>cox@idecnet.com</email>
  <active>no</active>
 </lead>
 <lead>
  <name>Helgi Thormar</name>
  <user>dufuz</user>
  <email>dufuz@php.net</email>
  <active>yes</active>
 </lead>
 <developer>
  <name>Tias Guns</name>
  <user>tias</user>
  <email>tias@php.net</email>
  <active>yes</active>
 </developer>
 <helper>
  <name>Tim Jackson</name>
  <user>timj</user>
  <email>timj@php.net</email>
  <active>no</active>
 </helper>
 <helper>
  <name>Bertrand Gugger</name>
  <user>toggg</user>
  <email>toggg@php.net</email>
  <active>no</active>
 </helper>
 <helper>
  <name>Martin Jansen</name>
  <user>mj</user>
  <email>mj@php.net</email>
  <active>no</active>
 </helper>
 <date>2009-09-03</date>
 <time>13:13:10</time>
 <version>
  <release>1.9.0</release>
  <api>1.9.0</api>
 </version>
 <stability>
  <release>stable</release>
  <api>stable</api>
 </stability>
 <license uri="http://opensource.org/licenses/bsd-license.php">New BSD License</license>
 <notes>
* Fix  Bug #16547: The phar for PEAR installer uses ereg() which is deprecated [dufuz]
 </notes>
 <contents>
  <dir name="/">
   <file md5sum="f063d5b84d03538b85f05cde9aae8037" name="OS/Guess.php" role="php">
    <tasks:replace from="@package_version@" to="version" type="package-info" />
   </file>
   <file md5sum="e839d4a327219441507bd5de7409ee5b" name="PEAR/ChannelFile/Parser.php" role="php">
    <tasks:replace from="@package_version@" to="version" type="package-info" />
   </file>
   <file md5sum="8fd87e64002e11fd86eb2f3fbfee6599" name="PEAR/Command/Auth.xml" role="php" />
   <file md5sum="7d3f1696902faf5442059393e541ad2d" name="PEAR/Command/Auth.php" role="php">
    <tasks:replace from="@package_version@" to="version" type="package-info" />
   </file>
   <file md5sum="73602fd7f051eaf8d37452d0e3063bdb" name="PEAR/Command/Build.xml" role="php" />
   <file md5sum="99e6dae6555a272f16f1cf2265d221c0" name="PEAR/Command/Build.php" role="php">
    <tasks:replace from="@package_version@" to="version" type="package-info" />
   </file>
   <file md5sum="6d5aab4d4308c3005b5f584c7783a031" name="PEAR/Command/Channels.xml" role="php" />
   <file md5sum="63a395cf6c752e8121e1fa2ae1f9ac28" name="PEAR/Command/Channels.php" role="php">
    <tasks:replace from="@package_version@" to="version" type="package-info" />
   </file>
   <file md5sum="dc4961036d632859bb1bda5e32a8c346" name="PEAR/Command/Common.php" role="php">
    <tasks:replace from="@package_version@" to="version" type="package-info" />
   </file>
   <file md5sum="91f189cb9423b5e87ee0abc5ea1a2be3" name="PEAR/Command/Config.xml" role="php" />
   <file md5sum="f0c106b4ba5e12236c59b161b75f4182" name="PEAR/Command/Config.php" role="php">
    <tasks:replace from="@package_version@" to="version" type="package-info" />
   </file>
   <file md5sum="2db0386b865d3f9a29f9126728722ece" name="PEAR/Command/Install.xml" role="php" />
   <file md5sum="034593b2194bf8feb689722833e1c9b0" name="PEAR/Command/Install.php" role="php">
    <tasks:replace from="@package_version@" to="version" type="package-info" />
   </file>
   <file md5sum="5cb62a04c0a268f4edd64a49a3895c92" name="PEAR/Command/Mirror.xml" role="php" />
   <file md5sum="8bc9265e1046ec67a85571557515bb1b" name="PEAR/Command/Mirror.php" role="php">
    <tasks:replace from="@package_version@" to="version" type="package-info" />
   </file>
   <file md5sum="6c3061a594644e49b0648798dce6de32" name="PEAR/Command/Package.xml" role="php" />
   <file md5sum="2d4e5f5200fdbdbb5f1c2bf0a27ab754" name="PEAR/Command/Package.php" role="php">
    <tasks:replace from="@DATA-DIR@" to="data_dir" type="pear-config" />
    <tasks:replace from="@package_version@" to="version" type="package-info" />
   </file>
   <file md5sum="28dc842ea725d8787b9f9c3dbca5aa22" name="PEAR/Command/Pickle.xml" role="php" />
   <file md5sum="6a794c2a0545fff7300217dd6e133c17" name="PEAR/Command/Pickle.php" role="php">
    <tasks:replace from="@package_version@" to="version" type="package-info" />
   </file>
   <file md5sum="49b046cfc14747f0365e02e9c3f0e6dc" name="PEAR/Command/Registry.xml" role="php" />
   <file md5sum="567687617b7f406bd1ba55e37060edf8" name="PEAR/Command/Registry.php" role="php">
    <tasks:replace from="@package_version@" to="version" type="package-info" />
   </file>
   <file md5sum="29c02e823879b4e3e291f6b36fb339f1" name="PEAR/Command/Remote.xml" role="php" />
   <file md5sum="374366b6f361c401ae22edc5b76b7a90" name="PEAR/Command/Remote.php" role="php">
    <tasks:replace from="@package_version@" to="version" type="package-info" />
   </file>
   <file md5sum="a50c32015005e0761cc3b04679b29ed0" name="PEAR/Command/Test.xml" role="php" />
   <file md5sum="01252c8d6c005f53f250344bb4453a59" name="PEAR/Command/Test.php" role="php">
    <tasks:replace from="@package_version@" to="version" type="package-info" />
   </file>
   <file md5sum="73a70ef0ac6d521fcbc972de10341bbe" name="PEAR/Downloader/Package.php" role="php">
    <tasks:replace from="@PEAR-VER@" to="version" type="package-info" />
   </file>
   <file md5sum="e613fdf2c8090bf8f7289dbeaa06a97c" name="PEAR/Frontend/CLI.php" role="php">
    <tasks:replace from="@package_version@" to="version" type="package-info" />
   </file>
   <file md5sum="d3c3a546ced9a12889eda5e368583944" name="PEAR/Installer/Role/Common.php" role="php">
    <tasks:replace from="@package_version@" to="version" type="package-info" />
   </file>
   <file md5sum="d8c62e6275e3aaa7784290912406092c" name="PEAR/Installer/Role/Cfg.xml" role="php" />
   <file md5sum="a3bb43296f00bd5459a0fbf8314f8917" name="PEAR/Installer/Role/Cfg.php" role="php">
    <tasks:replace from="@package_version@" to="version" type="package-info" />
   </file>
   <file md5sum="89a4a2a286e842d45a98974f40a0565c" name="PEAR/Installer/Role/Data.xml" role="php" />
   <file md5sum="2cb74a7dd5fdfce5b78717e1847d463c" name="PEAR/Installer/Role/Data.php" role="php">
    <tasks:replace from="@package_version@" to="version" type="package-info" />
   </file>
   <file md5sum="b1ce0fe105251c3b75209d6518ee69ac" name="PEAR/Installer/Role/Doc.xml" role="php" />
   <file md5sum="5c0b53e95ae25306da82cf6dd87da4dc" name="PEAR/Installer/Role/Doc.php" role="php">
    <tasks:replace from="@package_version@" to="version" type="package-info" />
   </file>
   <file md5sum="af71c0ad42d16a323afe24a4f884ef15" name="PEAR/Installer/Role/Ext.xml" role="php" />
   <file md5sum="b3c70e10e63273ef1f2e5cd0a2bd33e8" name="PEAR/Installer/Role/Ext.php" role="php">
    <tasks:replace from="@package_version@" to="version" type="package-info" />
   </file>
   <file md5sum="ef88f0321d3e481c2130c95122cf76d8" name="PEAR/Installer/Role/Php.xml" role="php" />
   <file md5sum="9e4a34e2a332b704417590cb734ffc93" name="PEAR/Installer/Role/Php.php" role="php">
    <tasks:replace from="@package_version@" to="version" type="package-info" />
   </file>
   <file md5sum="746461dc3b48af6d24094cb0211608f2" name="PEAR/Installer/Role/Script.xml" role="php" />
   <file md5sum="eb20ad9051db4db53a1c30e9f1b0dab5" name="PEAR/Installer/Role/Script.php" role="php">
    <tasks:replace from="@package_version@" to="version" type="package-info" />
   </file>
   <file md5sum="e147d63f168ea156fc2be38caaa63804" name="PEAR/Installer/Role/Src.xml" role="php" />
   <file md5sum="656ad25a2fa1a13f53aad6121edfba91" name="PEAR/Installer/Role/Src.php" role="php">
    <tasks:replace from="@package_version@" to="version" type="package-info" />
   </file>
   <file md5sum="a24b596ec987aa5688fc19e8ed4e97ea" name="PEAR/Installer/Role/Test.xml" role="php" />
   <file md5sum="5601a755c633dafb639a8fbd1abe0261" name="PEAR/Installer/Role/Test.php" role="php">
    <tasks:replace from="@package_version@" to="version" type="package-info" />
   </file>
   <file md5sum="7641e71c5785bb33a4261ebe25ed0fd7" name="PEAR/Installer/Role/Www.xml" role="php" />
   <file md5sum="8ab36d60bc9eb361885d7d901b107c0c" name="PEAR/Installer/Role/Www.php" role="php">
    <tasks:replace from="@package_version@" to="version" type="package-info" />
   </file>
   <file md5sum="0dab463a3402a0401616c7a1630bebcb" name="PEAR/Installer/Role.php" role="php">
    <tasks:replace from="@package_version@" to="version" type="package-info" />
   </file>
   <file md5sum="cd8b1ef4c311e0e4f5a00e5e36d48d43" name="PEAR/PackageFile/Generator/v1.php" role="php">
    <tasks:replace from="@PEAR-VER@" to="version" type="package-info" />
   </file>
   <file md5sum="f7ed15b3d6d1aab0b6f8ee2fe0d9d3db" name="PEAR/PackageFile/Generator/v2.php" role="php">
    <tasks:replace from="@PEAR-VER@" to="version" type="package-info" />
   </file>
   <file md5sum="7d3828c0f41aadc34d948f5215c4cd66" name="PEAR/PackageFile/Parser/v1.php" role="php">
    <tasks:replace from="@package_version@" to="version" type="package-info" />
   </file>
   <file md5sum="a5f847fdba24116593efc223425a9609" name="PEAR/PackageFile/Parser/v2.php" role="php">
    <tasks:replace from="@package_version@" to="version" type="package-info" />
   </file>
   <file md5sum="9a159d7f8e70bf9f57f9ade64dd5e377" name="PEAR/PackageFile/v2/rw.php" role="php">
    <tasks:replace from="@package_version@" to="version" type="package-info" />
   </file>
   <file md5sum="cf2b5655d9accc025e5cf5f0476302a8" name="PEAR/PackageFile/v2/Validator.php" role="php">
    <tasks:replace from="@package_version@" to="version" type="package-info" />
   </file>
   <file md5sum="7736b857a1153b02453d42dd476d6f8a" name="PEAR/PackageFile/v1.php" role="php">
    <tasks:replace from="@package_version@" to="version" type="package-info" />
   </file>
   <file md5sum="7026083ae0b038045dc117d68dc32a0a" name="PEAR/PackageFile/v2.php" role="php">
    <tasks:replace from="@package_version@" to="version" type="package-info" />
   </file>
   <file md5sum="b0b343c594552895492692d52561bc52" name="PEAR/REST/10.php" role="php">
    <tasks:replace from="@package_version@" to="version" type="package-info" />
   </file>
   <file md5sum="41f230e5d3282221e6b55466cb0510d3" name="PEAR/REST/11.php" role="php">
    <tasks:replace from="@package_version@" to="version" type="package-info" />
   </file>
   <file md5sum="897908bf87ac9ae617a0a42e13f8e0cd" name="PEAR/REST/13.php" role="php">
    <tasks:replace from="@package_version@" to="version" type="package-info" />
   </file>
   <file md5sum="bff16b5498aa831d106061ebbaba484c" name="PEAR/Task/Postinstallscript/rw.php" role="php">
    <tasks:replace from="@package_version@" to="version" type="package-info" />
   </file>
   <file md5sum="d4f525ae7d94c48662d45769643abada" name="PEAR/Task/Replace/rw.php" role="php">
    <tasks:replace from="@package_version@" to="version" type="package-info" />
   </file>
   <file md5sum="0787e483b91cb6842b9cfedbb486aabf" name="PEAR/Task/Unixeol/rw.php" role="php">
    <tasks:replace from="@package_version@" to="version" type="package-info" />
   </file>
   <file md5sum="a5545cfac22a53d0aad99f4acdbee50c" name="PEAR/Task/Windowseol/rw.php" role="php">
    <tasks:replace from="@package_version@" to="version" type="package-info" />
   </file>
   <file md5sum="e61537de629cb2f7f7e1bc497038902e" name="PEAR/Task/Common.php" role="php">
    <tasks:replace from="@package_version@" to="version" type="package-info" />
   </file>
   <file md5sum="34d4c4f16734388faca7e418ab206f68" name="PEAR/Task/Postinstallscript.php" role="php">
    <tasks:replace from="@package_version@" to="version" type="package-info" />
   </file>
   <file md5sum="0fecedc2f99e5f010b327650c353e4db" name="PEAR/Task/Replace.php" role="php">
    <tasks:replace from="@package_version@" to="version" type="package-info" />
   </file>
   <file md5sum="85ee9fd0fa58d4aef2161d5ac5d9b539" name="PEAR/Task/Unixeol.php" role="php">
    <tasks:replace from="@package_version@" to="version" type="package-info" />
   </file>
   <file md5sum="33bc10b55f7c90425054024b42d0e944" name="PEAR/Task/Windowseol.php" role="php">
    <tasks:replace from="@package_version@" to="version" type="package-info" />
   </file>
   <file md5sum="a18f1a10bb85cc988f7c2de9914c1e9f" name="PEAR/Validator/PECL.php" role="php">
    <tasks:replace from="@package_version@" to="version" type="package-info" />
   </file>
   <file md5sum="b6d6b167ca1514d0765533d4abafca1d" name="PEAR/Autoloader.php" role="php">
    <tasks:replace from="@package_version@" to="version" type="package-info" />
   </file>
   <file md5sum="d9d3b94e0d1bf2f2c377a5cd8201481c" name="PEAR/Builder.php" role="php">
    <tasks:replace from="@PEAR-VER@" to="version" type="package-info" />
   </file>
   <file md5sum="f9d18b3c198a2a0f0771036c6b0404f7" name="PEAR/ChannelFile.php" role="php">
    <tasks:replace from="@package_version@" to="version" type="package-info" />
   </file>
   <file md5sum="150c15a2fb2fd57166ca8276e29cb74b" name="PEAR/Command.php" role="php">
    <tasks:replace from="@package_version@" to="version" type="package-info" />
   </file>
   <file md5sum="7c0ff45e0ee9df0ddbaa9b8c4c31b2fd" name="PEAR/Common.php" role="php">
    <tasks:replace from="@package_version@" to="version" type="package-info" />
   </file>
   <file md5sum="5080a36f685fcef9b160617e8cb02870" name="PEAR/Config.php" role="php">
    <tasks:replace from="@package_version@" to="version" type="package-info" />
   </file>
   <file md5sum="c161acaf73f7938ea48b3165d891998b" name="PEAR/DependencyDB.php" role="php">
    <tasks:replace from="@package_version@" to="version" type="package-info" />
   </file>
   <file md5sum="b0d1ee5d0acd02ca9351e076f73cc9da" name="PEAR/Dependency2.php" role="php">
    <tasks:replace from="@PEAR-VER@" to="version" type="package-info" />
   </file>
   <file md5sum="2185eb7a493f863ea3d3510195e7c901" name="PEAR/Downloader.php" role="php">
    <tasks:replace from="@package_version@" to="version" type="package-info" />
   </file>
   <file md5sum="33ce30b4478cdb76e29bd75058c842e3" name="PEAR/ErrorStack.php" role="php">
    <tasks:replace from="@package_version@" to="version" type="package-info" />
   </file>
   <file md5sum="f364e75223744d460a6bb08420ac94f9" name="PEAR/Exception.php" role="php">
    <tasks:replace from="@package_version@" to="version" type="package-info" />
   </file>
   <file md5sum="e0e4cbcec4a972fbad779d0f9d323120" name="PEAR/FixPHP5PEARWarnings.php" role="php" />
   <file md5sum="52c3acdba716110657f7bf86ca2012e1" name="PEAR/Frontend.php" role="php">
    <tasks:replace from="@package_version@" to="version" type="package-info" />
   </file>
   <file md5sum="45f4c064607a7d3d4f68b0f06f98db5c" name="PEAR/Installer.php" role="php">
    <tasks:replace from="@package_version@" to="version" type="package-info" />
   </file>
   <file md5sum="df9c5cc34b6fbbf661d534cecb315c9f" name="PEAR/PackageFile.php" role="php">
    <tasks:replace from="@PEAR-VER@" to="version" type="package-info" />
   </file>
   <file md5sum="821b72d18cbdc2e8b9c5087bc9b99854" name="PEAR/Packager.php" role="php">
    <tasks:replace from="@package_version@" to="version" type="package-info" />
   </file>
   <file md5sum="a58437db39d3d71bb93f44a660334720" name="PEAR/Registry.php" role="php">
    <tasks:replace from="@package_version@" to="version" type="package-info" />
   </file>
   <file md5sum="28e5f3b905280051309e65d3e85d0b15" name="PEAR/REST.php" role="php">
    <tasks:replace from="@package_version@" to="version" type="package-info" />
   </file>
   <file md5sum="34a0d9008da01b3987a610d94837a80c" name="PEAR/RunTest.php" role="php">
    <tasks:replace from="@package_version@" to="version" type="package-info" />
   </file>
   <file md5sum="c5ea781c8abb14ff62b04b6db5e10e0f" name="PEAR/Validate.php" role="php">
    <tasks:replace from="@package_version@" to="version" type="package-info" />
   </file>
   <file md5sum="c6de49d413a1cf97a1f8a4668766e3ab" name="PEAR/XMLParser.php" role="php">
    <tasks:replace from="@package_version@" to="version" type="package-info" />
   </file>
   <file baseinstalldir="/" md5sum="bd65b087b7707463525e9f0092337793" name="scripts/pear.bat" role="script">
    <tasks:replace from="@bin_dir@" to="bin_dir" type="pear-config" />
    <tasks:replace from="@php_bin@" to="php_bin" type="pear-config" />
    <tasks:replace from="@include_path@" to="php_dir" type="pear-config" />
    <tasks:windowseol />
   </file>
   <file baseinstalldir="/" md5sum="92cafd038c7d6a212111c84ca4907a13" name="scripts/peardev.bat" role="script">
    <tasks:replace from="@bin_dir@" to="bin_dir" type="pear-config" />
    <tasks:replace from="@php_bin@" to="php_bin" type="pear-config" />
    <tasks:replace from="@include_path@" to="php_dir" type="pear-config" />
    <tasks:windowseol />
   </file>
   <file baseinstalldir="/" md5sum="34c1cb834dd1c03c9e40998b201d52e0" name="scripts/pecl.bat" role="script">
    <tasks:replace from="@bin_dir@" to="bin_dir" type="pear-config" />
    <tasks:replace from="@php_bin@" to="php_bin" type="pear-config" />
    <tasks:replace from="@include_path@" to="php_dir" type="pear-config" />
    <tasks:windowseol />
   </file>
   <file baseinstalldir="/" md5sum="5b495a3de3c6092bfbd93806937a0e4e" name="scripts/pear.sh" role="script">
    <tasks:replace from="@php_bin@" to="php_bin" type="pear-config" />
    <tasks:replace from="@php_dir@" to="php_dir" type="pear-config" />
    <tasks:replace from="@pear_version@" to="version" type="package-info" />
    <tasks:replace from="@include_path@" to="php_dir" type="pear-config" />
    <tasks:unixeol />
   </file>
   <file baseinstalldir="/" md5sum="c69b7eb6cf9198ef8f03a19dcb57ca42" name="scripts/peardev.sh" role="script">
    <tasks:replace from="@php_bin@" to="php_bin" type="pear-config" />
    <tasks:replace from="@php_dir@" to="php_dir" type="pear-config" />
    <tasks:replace from="@pear_version@" to="version" type="package-info" />
    <tasks:replace from="@include_path@" to="php_dir" type="pear-config" />
    <tasks:unixeol />
   </file>
   <file baseinstalldir="/" md5sum="d00c55f2aa48052c25db271e044e7551" name="scripts/pecl.sh" role="script">
    <tasks:replace from="@php_bin@" to="php_bin" type="pear-config" />
    <tasks:replace from="@php_dir@" to="php_dir" type="pear-config" />
    <tasks:replace from="@pear_version@" to="version" type="package-info" />
    <tasks:replace from="@include_path@" to="php_dir" type="pear-config" />
    <tasks:unixeol />
   </file>
   <file baseinstalldir="/" md5sum="55426bdbfd8e1bc050a79e3c6095d8e5" name="scripts/pearcmd.php" role="php">
    <tasks:replace from="@php_bin@" to="php_bin" type="pear-config" />
    <tasks:replace from="@php_dir@" to="php_dir" type="pear-config" />
    <tasks:replace from="@pear_version@" to="version" type="package-info" />
    <tasks:replace from="@include_path@" to="php_dir" type="pear-config" />
   </file>
   <file baseinstalldir="/" md5sum="320849b646e4cdaeca543af666524e73" name="scripts/peclcmd.php" role="php">
    <tasks:replace from="@php_bin@" to="php_bin" type="pear-config" />
    <tasks:replace from="@php_dir@" to="php_dir" type="pear-config" />
    <tasks:replace from="@pear_version@" to="version" type="package-info" />
    <tasks:replace from="@include_path@" to="php_dir" type="pear-config" />
   </file>
   <file md5sum="45b44486d8090de17b2a8b4211fab247" name="LICENSE" role="doc" />
   <file md5sum="45b1a9dcc368539cb8f2a65c30b2f453" name="INSTALL" role="doc" />
   <file md5sum="4a49bc83a392934e57af45c70a589fda" name="package.dtd" role="data" />
   <file md5sum="1a8f67d58009372a6cbcddd638b128cf" name="PEAR5.php" role="php" />
   <file md5sum="4e4941a59ed97ca61c93deb6a7ff918c" name="PEAR.php" role="php">
    <tasks:replace from="@package_version@" to="version" type="package-info" />
   </file>
   <file md5sum="d3b517006b304817731eb77cc2154258" name="README" role="doc" />
   <file md5sum="8bf4cfb58d10d72b5082c3022c887710" name="System.php" role="php">
    <tasks:replace from="@package_version@" to="version" type="package-info" />
   </file>
   <file md5sum="acd010e3bc43c0f72df584acde7b9158" name="template.spec" role="data" />
  </dir>
 </contents>
 <dependencies>
  <required>
   <php>
    <min>4.4.0</min>
    <exclude>5.0</exclude>
    <exclude>5.1.0</exclude>
    <exclude>5.1.1</exclude>
    <exclude>5.1.2</exclude>
    <exclude>5.1.3</exclude>
    <exclude>5.1.4</exclude>
    <exclude>5.1.5</exclude>
   </php>
   <pearinstaller>
    <min>1.4.3</min>
   </pearinstaller>
   <package>
    <name>Archive_Tar</name>
    <channel>pear.php.net</channel>
    <min>1.1</min>
    <recommended>1.3.3</recommended>
    <exclude>1.3.0</exclude>
   </package>
   <package>
    <name>Structures_Graph</name>
    <channel>pear.php.net</channel>
    <min>1.0.2</min>
    <recommended>1.0.2</recommended>
   </package>
   <package>
    <name>Console_Getopt</name>
    <channel>pear.php.net</channel>
    <min>1.2</min>
    <recommended>1.2.3</recommended>
   </package>
   <package>
    <name>XML_Util</name>
    <channel>pear.php.net</channel>
    <min>1.2.0</min>
    <recommended>1.2.1</recommended>
   </package>
   <package>
    <name>PEAR_Frontend_Web</name>
    <channel>pear.php.net</channel>
    <max>0.4</max>
    <conflicts />
   </package>
   <package>
    <name>PEAR_Frontend_Gtk</name>
    <channel>pear.php.net</channel>
    <max>0.4.0</max>
    <exclude>0.4.0</exclude>
    <conflicts />
   </package>
   <extension>
    <name>xml</name>
   </extension>
   <extension>
    <name>pcre</name>
   </extension>
  </required>
  <group hint="PEAR's web-based installer" name="webinstaller">
   <package>
    <name>PEAR_Frontend_Web</name>
    <channel>pear.php.net</channel>
    <min>0.5.1</min>
   </package>
  </group>
  <group hint="PEAR's PHP-GTK-based installer" name="gtkinstaller">
   <package>
    <name>PEAR_Frontend_Gtk</name>
    <channel>pear.php.net</channel>
    <min>0.4.0</min>
   </package>
  </group>
  <group hint="PEAR's PHP-GTK2-based installer" name="gtk2installer">
   <package>
    <name>PEAR_Frontend_Gtk2</name>
    <channel>pear.php.net</channel>
   </package>
  </group>
 </dependencies>
 <phprelease>
  <installconditions>
   <os>
    <name>windows</name>
   </os>
  </installconditions>
  <filelist>
   <install as="pear.bat" name="scripts/pear.bat" />
   <install as="peardev.bat" name="scripts/peardev.bat" />
   <install as="pecl.bat" name="scripts/pecl.bat" />
   <install as="pearcmd.php" name="scripts/pearcmd.php" />
   <install as="peclcmd.php" name="scripts/peclcmd.php" />
   <ignore name="scripts/peardev.sh" />
   <ignore name="scripts/pear.sh" />
   <ignore name="scripts/pecl.sh" />
  </filelist>
 </phprelease>
 <phprelease>
  <filelist>
   <install as="pear" name="scripts/pear.sh" />
   <install as="peardev" name="scripts/peardev.sh" />
   <install as="pecl" name="scripts/pecl.sh" />
   <install as="pearcmd.php" name="scripts/pearcmd.php" />
   <install as="peclcmd.php" name="scripts/peclcmd.php" />
   <ignore name="scripts/pear.bat" />
   <ignore name="scripts/peardev.bat" />
   <ignore name="scripts/pecl.bat" />
  </filelist>
 </phprelease>
 <changelog>
  <release>
   <version>
    <release>1.8.0alpha1</release>
    <api>1.8.0</api>
   </version>
   <stability>
    <release>alpha</release>
    <api>stable</api>
   </stability>
   <date>2009-03-09</date>
   <license uri="http://opensource.org/licenses/bsd-license.php">New BSD License</license>
   <notes>
* Implement Request #10373: if pref_state=stable and installed package=beta, allow up to latest beta version [dufuz]
* Implement Request #10581: login / logout should map to channel-login / channel-logout [dufuz]
* Implement Request #10825: Only display the &quot;invalid or missing package file&quot;-error if it makes sense [dufuz]
* Implement Request #11170: script to generate Command/[command].xml [dufuz]
* Implement Request #11176: improve channel ... has updated its protocols message [dufuz]
* Implement Request #12706: pear list -a hard to read [dufuz]
* Implement Request #11353: upgrade-all and upgrade commands to upgrade within the same stability level [dufuz]
* Implement Request #13015: Add https discovery for channel.xml [dufuz / initial patch by Martin Roos]
* Implement Request #13927: install-pear.php should have option to set www_dir [timj]
* Implement Request #14324: Make the pear install command behave similar to apt-get [dufuz]
* Implement Request #14325: make pear upgrade with no params behave like pear upgrade-all [dufuz]
  - upgrade-all can be considered deprecated in favor of calling upgrade with no parameters to replicate
    better what other package managers are doing. upgrade-all will still work as intended.
* Implement Request #14504: add a channel parameter support to the upgrade function [dufuz]
  - Options -c ezc and --channel=ezc got added to upgrade and upgrade-all to allow for
    channel specific upgrades
* Implement Request #14556: install-pear-nozlib.phar should get download_dir config and other options [cweiske]
* Implement Request #15566: Add doc.php.net as a default channel [dufuz / saltybeagle]

* Fix PHP Bug #43857: --program-suffix not always reflected everywhere [cellog]
* Fix PHP Bug #47323: strotime warnings in make install [dufuz]

* Fix Bug #13908: pear info command and maintainers inactive not mentioned [dufuz]
* Fix Bug #13926: install-pear.php does not set cfg_dir if -d option set with no -c option [timj]
* Fix Bug #13943: tests fail when php.exe path contains spaces [dufuz / jorrit]
* Fix Bug #13953: config-set/config-show with channel alias fail [cellog]
* Fix Bug #13958: When a phpt tests exit() or die() xdebug coverage is not generated, patch by izi (David Jean Louis) [izi / dufuz]
* Fix Bug #14041: Unpredictable unit test processing sequence [dufuz]
* Fix Bug #14140: Strict warning not suppressed in the shutdown function [dufuz]
* Fix Bug #14210: pear list -ia brings warnings [dufuz]
* Fix Bug #14274: PEAR packager mangles package.xml encoding, then complains about it [dufuz]
* Fix Bug #14287: cannot upgrade from stable to beta via -beta when config is set to stable [dufuz]
* Fix Bug #14300: Package files themselves can not be served over https [dufuz / initial patch by Martin Roos]
* Fix Bug #14437: openbasedir warning when loading config [dufuz]
* Fix Bug #14558: PackageFile.php creates tmp directory outside configured temp_dir [cweiske]
* Fix Bug #14947: downloadHttp() is missing Host part of the HTTP Request when using Proxy [ifeghali]
* Fix Bug #14977: PEAR/Frontend.php doesn&apos;t require_once PEAR.php [dufuz]
* Fix Bug #15750: Unreachable code in PEAR_Downloader [dufuz]
* Fix Bug #15979: Package files incorrectly removed when splitting a package into multiple pkgs [dufuz]
* Fix Bug #15914: pear upgrade installs different version if desired version not found [dufuz]

NOTE!
Functions that have been deprecated for 3+ years in PEAR_Common, please take a moment
to migrate over to one of the alternatives that have ben provided:
* PEAR_Common-&gt;downloadHttp (use PEAR_Downloader-&gt;downloadHttp instead)
* PEAR_Common-&gt;infoFromTgzFile (use PEAR_PackageFile-&gt;fromTgzFile instead)
* PEAR_Common-&gt;infoFromDescriptionFile (use PEAR_PackageFile-&gt;fromPackageFile instead)
* PEAR_Common-&gt;infoFromString (use PEAR_PackageFile-&gt;fromXmlstring instead)
* PEAR_Common-&gt;infoFromArray (use PEAR_PackageFile-&gt;fromAnyFile instead)
* PEAR_Common-&gt;xmlFromInfo (use a PEAR_PackageFile_v* object&apos;s generator instead)
* PEAR_Common-&gt;validatePackageInfo (use the validation of PEAR_PackageFile objects)
* PEAR_Common-&gt;analyzeSourceCode (use a PEAR_PackageFile_v* object instead)
* PEAR_Common-&gt;detectDependencies (use PEAR_Downloader_Package-&gt;detectDependencies instead)
* PEAR_Common-&gt;buildProvidesArray (use PEAR_PackageFile_v1-&gt;_buildProvidesArray or
  PEAR_PackageFile_v2_Validator-&gt;_buildProvidesArray)

PHP 4.4 and 5.1.6 are now the minimum PHP requirements, for brave souls
pear upgrade -f PEAR will allow people with lower versions
to upgrade to this release but no guarantees will be made that it will work properly.

Support for XML RPC channels has been dropped - The only ones that used it
(pear.php.net and pecl.php.net) have used the REST interface for years now.
SOAP support also removed as it was only proof of concept.

Move codebase from the PHP License to New BSD 2 clause license
   </notes>
  </release>
  <release>
   <date>2009-03-27</date>
   <version>
    <release>1.8.0RC1</release>
    <api>1.8.0</api>
   </version>
   <stability>
    <release>beta</release>
    <api>stable</api>
   </stability>
   <license uri="http://opensource.org/licenses/bsd-license.php">New BSD License</license>
   <notes>
* Fix Bug #14331: pear cvstag only works from inside the package directory [dufuz]
* Fix Bug #16045: E_Notice: Undefined index: channel in PEAR/DependencyDB.php [dufuz]

* Implemented Request #11230: better error message when mirror not in channel.xml file [dufuz]
* Implemented Request #13150: Add support for following HTTP 302 redirects [dufuz]
   </notes>
  </release>
  <release>
   <date>2009-04-10</date>
   <version>
    <release>1.8.0</release>
    <api>1.8.0</api>
   </version>
   <stability>
    <release>stable</release>
    <api>stable</api>
   </stability>
   <license uri="http://opensource.org/licenses/bsd-license.php">New BSD License</license>
   <notes>
Changes since RC1:
  * Fix Bug #14792: Bad md5sum for files with replaced content [dufuz]
  * Fix Bug #16057:-r is limited to 4 directories in depth [dufuz]
  * Fix Bug #16077: PEAR5::getStaticProperty does not return a reference to the property [dufuz]

  Remove custom XML_Util class in favor of using upstream XML_Util package as dependency

RC1 Release Notes:
  * Fix Bug #14331: pear cvstag only works from inside the package directory [dufuz]
  * Fix Bug #16045: E_Notice: Undefined index: channel in PEAR/DependencyDB.php [dufuz]

  * Implemented Request #11230: better error message when mirror not in channel.xml file [dufuz]
  * Implemented Request #13150: Add support for following HTTP 302 redirects [dufuz]

Alpha1 Release Notes:
  * Implement Request #10373: if pref_state=stable and installed package=beta, allow up to latest beta version [dufuz]
  * Implement Request #10581: login / logout should map to channel-login / channel-logout [dufuz]
  * Implement Request #10825: Only display the &quot;invalid or missing package file&quot;-error if it makes sense [dufuz]
  * Implement Request #11170: script to generate Command/[command].xml [dufuz]
  * Implement Request #11176: improve channel ... has updated its protocols message [dufuz]
  * Implement Request #12706: pear list -a hard to read [dufuz]
  * Implement Request #11353: upgrade-all and upgrade commands to upgrade within the same stability level [dufuz]
  * Implement Request #13015: Add https discovery for channel.xml [dufuz / initial patch by Martin Roos]
  * Implement Request #13927: install-pear.php should have option to set www_dir [timj]
  * Implement Request #14324: Make the pear install command behave similar to apt-get [dufuz]
  * Implement Request #14325: make pear upgrade with no params behave like pear upgrade-all [dufuz]
    - upgrade-all can be considered deprecated in favor of calling upgrade with no parameters to replicate
      better what other package managers are doing. upgrade-all will still work as intended.
  * Implement Request #14504: add a channel parameter support to the upgrade function [dufuz]
    - Options -c ezc and --channel=ezc got added to upgrade and upgrade-all to allow for
      channel specific upgrades
  * Implement Request #14556: install-pear-nozlib.phar should get download_dir config and other options [cweiske]
  * Implement Request #15566: Add doc.php.net as a default channel [dufuz / saltybeagle]

  * Fix PHP Bug #43857: --program-suffix not always reflected everywhere [cellog]
  * Fix PHP Bug #47323: strotime warnings in make install [dufuz]

  * Fix Bug #13908: pear info command and maintainers inactive not mentioned [dufuz]
  * Fix Bug #13926: install-pear.php does not set cfg_dir if -d option set with no -c option [timj]
  * Fix Bug #13943: tests fail when php.exe path contains spaces [dufuz / jorrit]
  * Fix Bug #13953: config-set/config-show with channel alias fail [cellog]
  * Fix Bug #13958: When a phpt tests exit() or die() xdebug coverage is not generated, patch by izi (David Jean Louis) [izi / dufuz]
  * Fix Bug #14041: Unpredictable unit test processing sequence [dufuz]
  * Fix Bug #14140: Strict warning not suppressed in the shutdown function [dufuz]
  * Fix Bug #14210: pear list -ia brings warnings [dufuz]
  * Fix Bug #14274: PEAR packager mangles package.xml encoding, then complains about it [dufuz]
  * Fix Bug #14287: cannot upgrade from stable to beta via -beta when config is set to stable [dufuz]
  * Fix Bug #14300: Package files themselves can not be served over https [dufuz / initial patch by Martin Roos]
  * Fix Bug #14437: openbasedir warning when loading config [dufuz]
  * Fix Bug #14558: PackageFile.php creates tmp directory outside configured temp_dir [cweiske]
  * Fix Bug #14947: downloadHttp() is missing Host part of the HTTP Request when using Proxy [ifeghali]
  * Fix Bug #14977: PEAR/Frontend.php doesn&apos;t require_once PEAR.php [dufuz]
  * Fix Bug #15750: Unreachable code in PEAR_Downloader [dufuz]
  * Fix Bug #15979: Package files incorrectly removed when splitting a package into multiple pkgs [dufuz]
  * Fix Bug #15914: pear upgrade installs different version if desired version not found [dufuz]

  NOTE!
  Functions that have been deprecated for 3+ years in PEAR_Common, please take a moment
  to migrate over to one of the alternatives that have ben provided:
  * PEAR_Common-&gt;downloadHttp (use PEAR_Downloader-&gt;downloadHttp instead)
  * PEAR_Common-&gt;infoFromTgzFile (use PEAR_PackageFile-&gt;fromTgzFile instead)
  * PEAR_Common-&gt;infoFromDescriptionFile (use PEAR_PackageFile-&gt;fromPackageFile instead)
  * PEAR_Common-&gt;infoFromString (use PEAR_PackageFile-&gt;fromXmlstring instead)
  * PEAR_Common-&gt;infoFromArray (use PEAR_PackageFile-&gt;fromAnyFile instead)
  * PEAR_Common-&gt;xmlFromInfo (use a PEAR_PackageFile_v* object&apos;s generator instead)
  * PEAR_Common-&gt;validatePackageInfo (use the validation of PEAR_PackageFile objects)
  * PEAR_Common-&gt;analyzeSourceCode (use a PEAR_PackageFile_v* object instead)
  * PEAR_Common-&gt;detectDependencies (use PEAR_Downloader_Package-&gt;detectDependencies instead)
  * PEAR_Common-&gt;buildProvidesArray (use PEAR_PackageFile_v1-&gt;_buildProvidesArray or
    PEAR_PackageFile_v2_Validator-&gt;_buildProvidesArray)

  PHP 4.4 and 5.1.6 are now the minimum PHP requirements, for brave souls
  pear upgrade -f PEAR will allow people with lower versions
  to upgrade to this release but no guarantees will be made that it will work properly.

  Support for XML RPC channels has been dropped - The only ones that used it
  (pear.php.net and pecl.php.net) have used the REST interface for years now.
  SOAP support also removed as it was only proof of concept.

  Move codebase from the PHP License to New BSD 2 clause license
   </notes>
  </release>
  <release>
   <date>2009-04-15</date>
   <version>
    <release>1.8.1</release>
    <api>1.8.1</api>
   </version>
   <stability>
    <release>stable</release>
    <api>stable</api>
   </stability>
   <license uri="http://opensource.org/licenses/bsd-license.php">New BSD License</license>
   <notes>
* Fix Bug #16099 	PEAR crash on PHP4 (parse error) [dufuz]
   </notes>
  </release>
  <release>
   <date>2009-08-18</date>
   <version>
    <release>1.9.0RC1</release>
    <api>1.9.0RC1</api>
   </version>
   <stability>
    <release>beta</release>
    <api>stable</api>
   </stability>
   <license uri="http://opensource.org/licenses/bsd-license.php">New BSD License</license>
   <notes>
* Implement Request #16213: add alias to list-channels output [dufuz]
* Implement Request #16378: pear svntag [dufuz]
* Implement Request #16386: PEAR_Config::remove() does not support specifying a channel [timj]
* Implement Request #16396: package-dependencies should allow package names [dufuz]

* Fix Bug #11181: pear requests channel.xml from main server instead from mirror [dufuz]
* Fix Bug #14493: pear install --offline doesn&apos;t print out errors [dufuz]
* Fix Bug #11348: pear package-dependencies isn&apos;t well explained [dufuz]
* Fix Bug #16108: PEAR_PackageFile_Generator_v2 PHP4 parse error when running upgrade-all [dufuz]
* Fix Bug #16113: Installing certain packages fails due incorrect encoding handling [dufuz]
* Fix Bug #16122: PEAR RunTest failed to run as expected [dufuz]
* Fix Bug #16366: compiling 5.2.10 leads to non-functioning pear [dufuz]
* Fix Bug #16387: channel-logout does not support logging out from a non-default channel [timj]
* Fix Bug #16444: Setting preferred mirror fails [dufuz]
* Fix the shutdown functions where a index might not exist and thus raise a notice [derick]
   </notes>
  </release>
  <release>
   <date>2009-08-20</date>
   <version>
    <release>1.9.0RC2</release>
    <api>1.9.0RC2</api>
   </version>
   <stability>
    <release>beta</release>
    <api>stable</api>
   </stability>
   <license uri="http://opensource.org/licenses/bsd-license.php">New BSD License</license>
   <notes>
* REST 1.4 file was occasionally being included but REST 1.4 is not intended for this release cycle [dufuz]
   </notes>
  </release>
  <release>
   <date>2009-08-21</date>
   <version>
    <release>1.9.0RC3</release>
    <api>1.9.0RC3</api>
   </version>
   <stability>
    <release>beta</release>
    <api>stable</api>
   </stability>
   <license uri="http://opensource.org/licenses/bsd-license.php">New BSD License</license>
   <notes>
* Improved svntag support to handle packages like PEAR it self [dufuz]
   </notes>
  </release>
  <release>
   <date>2009-08-23</date>
   <version>
    <release>1.9.0RC4</release>
    <api>1.9.0RC4</api>
   </version>
   <stability>
    <release>beta</release>
    <api>stable</api>
   </stability>
   <license uri="http://opensource.org/licenses/bsd-license.php">New BSD License</license>
   <notes>
* Fixed a problem where the original channel could not be set as a preferred_mirror again [dufuz]
* Make sure channel aliases can&apos;t be made to start with - [dufuz]
* Output issues with pear search [dufuz]
* Fixed couple of stray notices [dufuz]
   </notes>
  </release>
  <release>
   <date>2009-09-03</date>
   <version>
    <release>1.9.0</release>
    <api>1.9.0</api>
   </version>
   <stability>
    <release>stable</release>
    <api>stable</api>
   </stability>
   <license uri="http://opensource.org/licenses/bsd-license.php">New BSD License</license>
   <notes>
* Fix  Bug #16547: The phar for PEAR installer uses ereg() which is deprecated [dufuz]
   </notes>
  </release>
 </changelog>
</package>
